OTU3:leafNotChim_102,Sample1_ITS4,87.67,146,16,1,1,146,307,450,4e-45,169
OTU10:leafNotChim_100,Sample15_ITS4,86.94,245,19,10,3,239,330,569,3e-73,263
OTU16:leafNotChim_100,Sample15_ITS4,86.90,229,16,10,20,240,347,569,1e-67,244
OTU20:leafNotChim_108,Sample16_ITS4,88.57,70,5,1,89,155,449,518,6e-19,82.4
OTU21:leafNotChim_112B,Sample1_ITS4,85.71,147,14,7,2,144,307,450,5e-39,148
OTU33:Dc-X,Sample16_ITS4,95.24,63,3,0,1,63,502,440,2e-24,100
OTU40:leafNotChim_14,Sample1_ITS4,88.44,147,13,2,1,145,306,450,9e-47,174
OTU43:leafNotChim_101,Sample13_ITS4,84.15,183,22,7,1,179,329,508,1e-45,171
OTU59:leafNotChim_111,Sample1_ITS4,93.92,148,8,1,1,147,303,450,3e-61,222
OTU75:leafNotChim_104,Sample16_ITS4,91.43,70,2,3,117,183,450,518,3e-22,93.5
OTU78:leafNotChim_100,Sample16_ITS4,96.20,79,3,0,102,180,440,518,2e-33,130
OTU84:38w,Sample9_ITS4,100.00,31,0,0,27,57,530,500,1e-11,58.4
OTU106:Dc-PosG,Sample10_ITS4,100.00,174,0,0,1,174,482,309,4e-91,322
OTU115:leafNotChim_101,Sample19_ITS4,83.33,156,16,5,23,175,381,529,5e-35,135
OTU119:Dc-PosG,Sample1_ITS4,99.31,144,1,0,1,144,434,291,7e-73,261
OTU151:leafNotChim_69,Sample15_ITS4,87.80,246,18,11,3,243,331,569,1e-77,278
OTU163:4w,Sample6_ITS4,100.00,32,0,0,27,58,561,530,4e-12,60.2
OTU164:Dc-PosG,Sample8_ITS4,100.00,143,0,0,1,143,451,309,5e-74,265
OTU171:leafNotChim_22,Sample13_ITS4,87.50,64,7,1,117,180,453,515,5e-16,73.1
OTU191:Dc-PosG,Sample14_ITS4,100.00,197,0,0,1,197,566,370,7e-104,364
OTU208:leafNotChim_103,Sample1_ITS4,80.00,150,21,8,2,148,307,450,4e-25,102
OTU220:Dc-PosG,Sample22_ITS4,100.00,168,0,0,1,168,512,345,8e-88,311
OTU235:Dc-PosG,Sample20_ITS4,100.00,217,0,0,1,217,605,389,6e-115,401
OTU242:leafNotChim_103,Sample19_ITS4,82.69,156,16,6,23,174,381,529,9e-33,128
OTU244:leafNotChim_115,Sample4_ITS4,88.95,181,12,6,1,174,322,501,2e-59,217
OTU252:leafNotChim_117,Sample4_ITS4,86.34,183,9,9,1,171,323,501,5e-50,185
OTU256:Dc-X,Sample6_ITS4,100.00,184,0,0,1,184,535,352,1e-96,340
OTU258:Dc-PosG,Sample13_ITS4,100.00,180,0,0,1,180,492,313,2e-94,333
OTU261:leafNotChim_102,Sample12_ITS4,79.80,99,12,7,86,179,431,526,9e-14,65.8
OTU262:leafNotChim_101,Sample19_ITS4,92.65,68,3,2,86,151,462,529,2e-23,97.1
OTU264:Dc-PosG,Sample16_ITS4,100.00,180,0,0,1,180,502,323,2e-94,333
OTU270:Dc-PosG,Sample12_ITS4,100.00,178,0,0,1,178,501,324,2e-93,329
OTU271:Dc-PosG,Sample24_ITS4,100.00,209,0,0,1,209,537,329,2e-110,387
OTU306:Dc-PosG,Sample9_ITS4,100.00,176,0,0,1,176,504,329,3e-92,326
OTU307:leafNotChim_26,Sample1_ITS4,83.95,81,9,4,58,137,373,450,9e-17,75.0
OTU351:Dc-Neg,Sample6_ITS4,100.00,32,0,0,29,60,561,530,4e-12,60.2
OTU357:59w,Sample12_ITS4,85.71,56,4,4,8,60,550,496,5e-11,56.5
OTU358:Dc-PosG,Sample15_ITS4,100.00,241,0,0,1,241,553,313,3e-128,446
OTU370:11w,Sample12_ITS4,90.20,51,1,3,19,65,541,491,3e-13,63.9
OTU371:leafNotChim_110,Sample4_ITS4,84.32,185,14,12,3,179,324,501,2e-44,167
OTU372:leafNotChim_117,Sample4_ITS4,86.67,180,12,11,3,171,323,501,4e-51,189
OTU376:leafNotChim_104,Sample16_ITS4,93.59,78,3,1,100,175,441,518,7e-29,115
OTU386:Dc-PosG,Sample19_ITS4,100.00,175,0,0,1,175,513,339,1e-91,324
OTU406:leafNotChim_100,Sample14_ITS4,100.00,197,0,0,1,197,386,582,7e-104,364
OTU407:Dc-PosG,Sample7_ITS4,100.00,193,0,0,1,193,524,332,1e-101,357
OTU433:leafNotChim_67,Sample5_ITS4,100.00,28,0,0,161,188,561,588,7e-10,52.8
OTU462:leafNotChim_101,Sample16_ITS4,93.42,76,3,1,102,175,443,518,9e-28,111
OTU467:13w,Sample6_ITS4,100.00,32,0,0,31,62,561,530,4e-12,60.2
OTU476:leafNotChim_121,Sample16_ITS4,87.18,78,4,4,85,158,443,518,2e-19,84.2
OTU506:1w,Sample11_ITS4,97.30,37,1,0,32,68,513,477,3e-13,63.9
OTU509:leafNotChim_102,Sample19_ITS4,80.67,150,17,8,23,161,381,529,4e-26,106
OTU525:leafNotChim_112B,Sample16_ITS4,93.51,77,4,1,117,193,443,518,3e-28,113
OTU526:Dc-PosG,Sample5_ITS4,100.00,232,0,0,1,232,562,331,3e-123,429
OTU530:leafNotChim_14,Sample15_ITS4,91.56,154,10,3,4,154,332,485,4e-57,209
OTU558:leafNotChim_127,Sample11_ITS4,89.47,171,17,1,3,172,333,503,6e-59,215
OTU559:1w,Sample15_ITS4,100.00,29,0,0,49,77,579,551,2e-10,54.7
OTU560:Dc-PosG,Sample4_ITS4,100.00,180,0,0,1,180,485,306,2e-94,333
OTU570:leafNotChim_100,Sample4_ITS4,87.43,183,15,8,1,176,320,501,1e-55,204
OTU572:leafNotChim_102,Sample1_ITS4,82.43,148,18,8,2,145,307,450,3e-31,122
OTU575:leafNotChim_unmatched,Sample11_ITS4,97.70,174,4,0,1,174,330,503,2e-84,300
OTU608:Dc-PosG,Sample11_ITS4,100.00,174,0,0,1,174,487,314,4e-91,322
OTU612:leafNotChim_63,Sample1_ITS4,88.36,146,12,3,2,144,307,450,1e-45,171
OTU614:leafNotChim_121,Sample1_ITS4,79.33,150,20,10,2,146,307,450,7e-23,95.3
OTU640:leafNotChim_109,Sample1_ITS4,92.36,144,11,0,1,144,307,450,3e-56,206
OTU651:leafNotChim_71,Sample12_ITS4,78.34,157,18,13,46,195,380,527,2e-20,87.9
OTU680:leafNotChim_1,Sample6_ITS4,86.81,91,8,4,112,200,463,551,8e-24,99.0
OTU724:leafNotChim_63,Sample1_ITS4,80.82,146,22,5,2,143,307,450,3e-27,110
OTU733:Dc-PosG,Sample23_ITS4,100.00,208,0,0,1,208,528,321,6e-110,385
OTU747:60w,Sample3_ITS4,100.00,28,0,0,37,64,582,555,9e-10,52.8
OTU768:1w,Sample12_ITS4,89.23,65,4,3,44,107,526,464,1e-17,78.7
OTU782:26w,Sample16_ITS4,90.20,51,4,1,8,58,492,443,6e-14,65.8
OTU797:leafNotChim_101,Sample15_ITS4,92.34,248,11,6,1,247,329,569,3e-98,346
OTU810:leafNotChim_115,Sample19_ITS4,82.91,158,14,7,23,176,381,529,2e-33,130
OTU815:94w,Sample12_ITS4,84.85,99,9,6,58,154,527,433,1e-22,95.3
OTU820:leafNotChim_23,Sample1_ITS4,85.71,147,14,6,2,144,307,450,5e-39,148
OTU826:Dc-PosG,Sample3_ITS4,100.00,157,0,0,1,157,555,399,9e-82,291
OTU854:leafNotChim_73,Sample7_ITS4,90.99,111,9,1,1,110,348,458,6e-39,148
OTU855:14w,Sample6_ITS4,91.86,86,6,1,2,86,534,449,6e-30,119
OTU864:70w,Sample11_ITS4,80.39,102,12,7,40,140,514,420,2e-15,71.3
OTU867:leafNotChim_85,Sample15_ITS4,84.02,244,24,11,1,231,328,569,2e-60,220
OTU870:leafNotChim_118,Sample6_ITS4,100.00,31,0,0,170,200,530,560,2e-11,58.4
OTU883:leafNotChim_107,Sample16_ITS4,91.43,70,2,3,116,182,450,518,3e-22,93.5
OTU885:1w,Sample12_ITS4,84.38,64,8,2,34,96,526,464,1e-12,62.1
OTU898:leafNotChim_119,Sample24_ITS4,100.00,209,0,0,1,209,345,553,2e-110,387
OTU911:42w,Sample9_ITS4,100.00,29,0,0,22,50,531,503,1e-10,54.7
OTU940:leafNotChim_103,Sample6_ITS4,100.00,32,0,0,156,187,529,560,4e-12,60.2
OTU947:3w,Sample13_ITS4,82.87,181,24,7,1,177,492,315,4e-41,156
OTU969:leafNotChim_108,Sample19_ITS4,98.29,175,3,0,1,175,355,529,1e-86,307
OTU970:leafNotChim_65,Sample11_ITS4,90.29,175,15,2,1,173,329,503,8e-63,228
OTU993:leafNotChim_109,Sample19_ITS4,89.86,69,6,1,115,182,461,529,2e-20,87.9
OTU1012:36w,Sample12_ITS4,81.82,99,10,7,38,131,526,431,4e-17,76.8
OTU1014:leafNotChim_118,Sample16_ITS4,91.55,71,2,3,162,229,449,518,1e-22,95.3
OTU1025:leafNotChim_3,Sample1_ITS4,87.84,148,13,5,1,146,306,450,4e-45,169
OTU1034:1w,Sample5_ITS4,100.00,28,0,0,41,68,588,561,7e-10,52.8
OTU1035:leafNotChim_114,Sample16_ITS4,91.55,71,2,3,161,228,449,518,1e-22,95.3
OTU1037:leafNotChim_101,Sample8_ITS4,97.20,143,3,1,1,142,325,467,8e-67,241
OTU1061:leafNotChim_109,Sample1_ITS4,89.80,147,12,3,1,146,306,450,4e-50,185
OTU1065:4w,Sample13_ITS4,86.15,65,8,1,38,102,517,454,7e-15,69.4
OTU1112:leafNotChim_120,Sample16_ITS4,91.43,70,2,3,86,152,450,518,3e-22,93.5
OTU1120:88w,Sample5_ITS4,96.88,32,0,1,30,60,592,561,7e-10,52.8
OTU1153:Dc-PosI,Sample18_ITS4,100.00,361,0,0,1,361,761,401,0.0,667
OTU1154:57w,Sample6_ITS4,100.00,31,0,0,28,58,560,530,2e-11,58.4
OTU1166:46w,Sample6_ITS4,96.51,86,3,0,1,86,535,450,3e-37,143
OTU1174:13w,Sample11_ITS4,82.98,94,12,4,32,122,510,418,9e-19,82.4
OTU1176:leafNotChim_109,Sample15_ITS4,90.51,158,12,3,2,158,330,485,5e-56,206
OTU1185:10w,Sample5_ITS4,100.00,28,0,0,31,58,588,561,8e-10,52.8
OTU1231:leafNotChim_23,Sample16_ITS4,88.73,71,3,3,86,152,449,518,6e-19,82.4
OTU1236:leafNotChim_132,Sample15_ITS4,87.97,158,14,3,4,160,332,485,9e-49,182
OTU1251:18w,Sample5_ITS4,100.00,28,0,0,33,60,588,561,7e-10,52.8
OTU1259:5w,Sample12_ITS4,84.85,99,11,4,47,143,527,431,4e-23,97.1
OTU1267:5w,Sample5_ITS4,100.00,28,0,0,30,57,588,561,7e-10,52.8
OTU1276:2w,Sample13_ITS4,95.00,40,1,1,32,70,525,486,1e-12,62.1
OTU1298:leafNotChim_13,Sample5_ITS4,100.00,28,0,0,150,177,561,588,7e-10,52.8
OTU1310:leafNotChim_101,Sample6_ITS4,100.00,184,0,0,1,184,368,551,1e-96,340
OTU1312:leafNotChim_4,Sample20_ITS4,100.00,29,0,0,145,173,603,631,2e-10,54.7
OTU1339:17w,Sample16_ITS4,93.33,60,3,1,2,61,501,443,2e-20,87.9
OTU1384:14w,Sample2_ITS4,100.00,29,0,0,29,57,489,461,2e-10,54.7
OTU1403:leafNotChim_96,Sample19_ITS4,87.50,96,6,5,58,150,437,529,3e-26,106
OTU1408:27w,Sample2_ITS4,100.00,31,0,0,30,60,489,459,1e-11,58.4
OTU1415:37w,Sample2_ITS4,97.44,39,0,1,100,137,496,458,9e-14,65.8
OTU1431:13w,Sample16_ITS4,95.45,44,2,0,8,51,492,449,1e-15,71.3
OTU1453:leafNotChim_5,Sample12_ITS4,94.59,37,0,2,136,171,491,526,5e-11,56.5
OTU1459:86w,Sample13_ITS4,80.37,107,9,11,177,273,523,419,3e-15,71.3
OTU1474:leafNotChim_103,Sample6_ITS4,100.00,33,0,0,156,188,529,561,1e-12,62.1
OTU1476:64w,Sample11_ITS4,83.87,93,12,3,29,120,510,420,7e-20,86.1
OTU1488:leafNotChim_125,Sample12_ITS4,100.00,178,0,0,1,178,340,517,2e-93,329
OTU1510:leafNotChim_16,Sample11_ITS4,82.18,101,12,6,111,209,414,510,1e-18,82.4
OTU1518:leafNotChim_105,Sample2_ITS4,100.00,29,0,0,154,182,461,489,2e-10,54.7
OTU1543:leafNotChim_100,Sample10_ITS4,100.00,174,0,0,1,174,325,498,4e-91,322
OTU1544:42w,Sample12_ITS4,96.97,33,0,1,29,60,527,495,1e-10,54.7
OTU1553:3w,Sample11_ITS4,80.34,117,20,3,47,162,513,399,8e-20,86.1
OTU1565:leafNotChim_29,Sample16_ITS4,91.30,92,6,2,68,157,427,518,1e-31,124
OTU1565:leafNotChim_29,Sample16_ITS4,93.48,46,3,0,2,47,340,385,5e-15,69.4
OTU1568:18w,Sample2_ITS4,100.00,28,0,0,22,49,490,463,5e-10,52.8
OTU1575:leafNotChim_119,Sample24_ITS4,87.44,223,14,7,1,223,345,553,1e-67,244
OTU1581:leafNotChim_102,Sample7_ITS4,100.00,193,0,0,1,193,348,540,1e-101,357
OTU1593:9w,Sample6_ITS4,80.90,199,17,13,2,198,534,355,2e-35,137
OTU1599:9w,Sample1_ITS4,90.22,92,8,1,37,128,459,369,6e-30,119
OTU1605:leafNotChim_1,Sample12_ITS4,89.23,65,4,3,108,171,464,526,1e-17,78.7
OTU1607:leafNotChim_61,Sample4_ITS4,86.81,182,16,8,3,180,324,501,2e-53,196
OTU1622:leafNotChim_24,Sample19_ITS4,91.86,86,6,1,72,156,444,529,5e-30,119
OTU1622:leafNotChim_24,Sample19_ITS4,91.67,60,3,2,7,66,359,416,6e-19,82.4
OTU1623:leafNotChim_90,Sample1_ITS4,89.66,145,13,2,1,144,307,450,1e-49,183
OTU1625:2w,Sample2_ITS4,97.22,36,0,1,35,70,489,455,4e-12,60.2
OTU1634:leafNotChim_4,Sample11_ITS4,80.34,117,20,3,68,183,399,513,8e-20,86.1
OTU1636:61w,Sample11_ITS4,100.00,29,0,0,86,114,510,482,2e-10,54.7
OTU1647:15w,Sample12_ITS4,83.84,99,12,4,45,141,527,431,2e-21,91.6
OTU1672:leafNotChim_104,Sample24_ITS4,89.40,151,10,4,89,237,407,553,7e-50,185
OTU1672:leafNotChim_104,Sample24_ITS4,95.05,101,5,0,1,101,345,445,4e-42,159
OTU1675:leafNotChim_129,Sample16_ITS4,91.55,71,2,3,94,161,449,518,8e-23,95.3
OTU1695:10w,Sample12_ITS4,97.37,38,0,1,29,66,524,488,3e-13,63.9
OTU1698:69w,Sample16_ITS4,90.91,55,3,2,2,56,501,449,3e-16,73.1
OTU1701:7w,Sample19_ITS4,81.07,169,21,6,12,175,501,339,1e-31,124
OTU1710:18w,Sample2_ITS4,97.06,34,0,1,19,51,490,457,3e-11,56.5
OTU1732:leafNotChim_94,Sample1_ITS4,87.84,148,14,3,1,148,307,450,1e-45,171
OTU1736:14w,Sample11_ITS4,78.05,164,27,9,17,174,527,367,1e-22,95.3
OTU1738:leafNotChim_105,Sample24_ITS4,82.64,242,9,12,1,241,344,553,3e-49,183
OTU1745:2w,Sample1_ITS4,93.33,60,3,1,36,95,457,399,2e-20,87.9
OTU1765:3w,Sample6_ITS4,91.95,87,6,1,2,87,534,448,2e-30,121
OTU1803:leafNotChim_113A,Sample16_ITS4,93.42,76,3,1,103,176,443,518,9e-28,111
OTU1812:leafNotChim_122,Sample1_ITS4,83.33,102,12,5,54,154,353,450,4e-21,89.8
OTU1827:104w,Sample11_ITS4,97.06,34,1,0,27,60,510,477,1e-11,58.4
OTU1841:leafNotChim_116,Sample24_ITS4,92.89,211,14,1,1,211,344,553,5e-86,305
OTU1863:45w,Sample2_ITS4,100.00,31,0,0,28,58,488,458,1e-11,58.4
OTU1881:56w,Sample12_ITS4,89.23,65,4,3,119,182,526,464,2e-17,78.7
OTU1886:leafNotChim_64,Sample1_ITS4,87.59,145,14,4,3,144,307,450,5e-44,165
OTU1899:leafNotChim_71,Sample12_ITS4,77.99,159,17,15,47,198,380,527,3e-19,84.2
OTU1924:leafNotChim_75,Sample6_ITS4,94.23,104,5,1,88,190,448,551,1e-41,158
OTU1946:18w,Sample12_ITS4,80.19,106,14,6,37,138,526,424,5e-16,73.1
OTU1948:leafNotChim_29,Sample6_ITS4,92.31,104,7,1,93,195,448,551,3e-38,147
OTU1957:leafNotChim_23,Sample19_ITS4,83.54,158,16,7,20,174,379,529,4e-36,139
OTU1964:leafNotChim_130,Sample5_ITS4,100.00,29,0,0,177,205,561,589,2e-10,54.7
OTU1985:leafNotChim_109,Sample16_ITS4,91.55,71,2,3,163,230,449,518,1e-22,95.3
OTU1991:leafNotChim_57,Sample19_ITS4,87.64,178,15,3,6,183,359,529,2e-54,200
OTU2001:leafNotChim_63,Sample1_ITS4,80.27,147,20,7,7,149,309,450,4e-25,102
OTU2004:leafNotChim_unmatched,Sample12_ITS4,80.67,119,16,6,85,200,414,528,8e-20,86.1
OTU2038:leafNotChim_unmatched,Sample16_ITS4,90.00,70,4,1,89,155,449,518,1e-20,87.9
OTU2039:109w,Sample11_ITS4,100.00,31,0,0,35,65,512,482,2e-11,58.4
OTU2044:14w,Sample6_ITS4,93.18,88,5,1,1,87,535,448,9e-33,128
OTU2047:50w,Sample6_ITS4,90.91,77,5,2,2,78,534,460,5e-25,102
OTU2058:leafNotChim_129,Sample24_ITS4,89.47,57,3,3,128,182,498,553,6e-15,69.4
OTU2088:3w,Sample15_ITS4,100.00,28,0,0,23,50,579,552,5e-10,52.8
OTU2100:46w,Sample12_ITS4,83.00,100,13,4,39,137,527,431,2e-20,87.9
OTU2105:14w,Sample15_ITS4,100.00,28,0,0,23,50,576,549,5e-10,52.8
OTU2120:leafNotChim_88,Sample12_ITS4,81.63,98,10,6,90,181,431,526,2e-16,75.0
OTU2121:leafNotChim_79,Sample11_ITS4,91.86,172,11,3,5,174,333,503,1e-65,237
OTU2126:leafNotChim_117,Sample1_ITS4,90.70,86,4,4,59,144,369,450,7e-28,111
OTU2129:61w,Sample6_ITS4,96.88,32,1,0,38,69,560,529,2e-10,54.7
OTU2174:10w,Sample15_ITS4,100.00,28,0,0,51,78,578,551,8e-10,52.8
OTU2190:leafNotChim_90,Sample19_ITS4,83.23,161,16,7,21,180,379,529,1e-35,137
OTU2197:71w,Sample5_ITS4,100.00,29,0,0,42,70,587,559,1e-10,54.7
OTU2219:leafNotChim_unmatched,Sample16_ITS4,87.18,78,7,3,85,161,443,518,5e-20,86.1
OTU2262:72w,Sample1_ITS4,82.47,97,12,5,147,243,459,368,5e-18,80.5
OTU2300:68w,Sample9_ITS4,100.00,38,0,0,157,194,535,498,3e-15,71.3
OTU2301:leafNotChim_13,Sample6_ITS4,98.04,102,2,0,93,194,450,551,9e-48,178
OTU2346:5w,Sample8_ITS4,83.58,67,4,6,32,96,476,415,4e-11,56.5
OTU2352:leafNotChim_26,Sample16_ITS4,91.55,71,2,3,132,199,449,518,1e-22,95.3
OTU2372:leafNotChim_102,Sample1_ITS4,76.19,147,26,9,3,143,307,450,4e-15,69.4
OTU2383:leafNotChim_104,Sample2_ITS4,97.30,37,0,1,160,195,452,488,1e-12,62.1
OTU2402:2w,Sample12_ITS4,100.00,28,0,0,43,70,522,495,8e-10,52.8
OTU2408:71w,Sample8_ITS4,91.72,145,9,2,1,144,451,309,5e-54,198
OTU2421:10w,Sample2_ITS4,100.00,28,0,0,31,58,489,462,7e-10,52.8
OTU2426:leafNotChim_unmatched,Sample1_ITS4,85.39,89,11,2,59,147,364,450,9e-22,91.6
OTU2446:2w,Sample19_ITS4,79.88,169,22,7,12,174,501,339,2e-28,113
OTU2455:129w,Sample11_ITS4,79.57,93,13,5,31,119,510,420,1e-12,62.1
OTU2463:75w,Sample1_ITS4,84.34,83,11,2,35,117,457,377,3e-18,80.5
OTU2490:leafNotChim_107,Sample12_ITS4,85.39,89,9,4,96,181,430,517,4e-21,89.8
OTU2492:leafNotChim_61,Sample11_ITS4,100.00,31,0,0,145,175,482,512,1e-11,58.4
OTU2494:50w,Sample12_ITS4,91.30,46,3,1,35,80,527,483,1e-12,62.1
OTU2517:2w,Sample1_ITS4,93.33,60,3,1,37,96,457,399,2e-20,87.9
OTU2541:9w,Sample2_ITS4,94.44,36,1,1,19,53,496,461,2e-10,54.7
OTU2569:10w,Sample5_ITS4,100.00,28,0,0,31,58,588,561,8e-10,52.8
OTU2589:leafNotChim_24,Sample15_ITS4,100.00,28,0,0,149,176,552,579,7e-10,52.8
OTU2590:128w,Sample11_ITS4,97.06,34,1,0,30,63,510,477,1e-11,58.4
OTU2596:66w,Sample4_ITS4,88.95,181,9,9,2,173,484,306,2e-58,213
OTU2615:4w,Sample1_ITS4,95.00,60,2,1,37,96,457,399,4e-22,93.5
OTU2637:leafNotChim_111,Sample4_ITS4,88.83,179,12,8,5,178,326,501,2e-58,213
OTU2656:leafNotChim_103,Sample12_ITS4,79.80,99,12,4,101,193,428,524,1e-13,65.8
OTU2666:64w,Sample5_ITS4,100.00,28,0,0,38,65,588,561,7e-10,52.8
OTU2672:5w,Sample12_ITS4,100.00,30,0,0,33,62,524,495,6e-11,56.5
OTU2676:leafNotChim_105,Sample19_ITS4,91.18,68,2,3,85,148,462,529,3e-21,89.8
OTU2710:67w,Sample6_ITS4,100.00,31,0,0,51,81,560,530,2e-11,58.4
OTU2718:7w,Sample4_ITS4,87.22,180,11,11,2,170,484,306,8e-53,195
OTU2726:leafNotChim_9,Sample1_ITS4,86.86,137,7,11,20,154,323,450,3e-37,143
OTU2754:82w,Sample9_ITS4,96.88,32,1,0,173,204,525,494,3e-10,54.7
OTU2760:1w,Sample10_ITS4,90.86,175,13,3,1,173,482,309,6e-64,231
OTU2761:14w,Sample12_ITS4,84.85,99,11,4,47,143,527,431,4e-23,97.1
OTU2780:21w,Sample12_ITS4,81.44,97,10,5,32,121,524,429,5e-16,73.1
OTU2786:3w,Sample2_ITS4,97.30,37,0,1,37,72,488,452,1e-12,62.1
OTU2787:57w,Sample1_ITS4,84.00,100,11,4,20,116,474,377,1e-21,91.6
OTU2797:2w,Sample6_ITS4,95.83,72,3,0,16,87,519,448,2e-29,117
OTU2850:14w,Sample13_ITS4,82.18,101,9,5,134,226,523,424,2e-17,78.7
OTU2851:49w,Sample12_ITS4,97.30,37,0,1,27,63,524,489,1e-12,62.1
OTU2857:29w,Sample9_ITS4,98.25,57,0,1,1,56,554,498,6e-24,99.0
OTU2868:37w,Sample2_ITS4,97.37,38,0,1,142,178,495,458,4e-13,63.9
OTU2874:2w,Sample1_ITS4,95.00,60,2,1,33,92,457,399,4e-22,93.5
OTU2877:leafNotChim_6,Sample5_ITS4,100.00,28,0,0,163,190,561,588,7e-10,52.8
OTU2887:57w,Sample12_ITS4,78.43,102,10,7,44,139,522,427,6e-11,56.5
OTU2889:9w,Sample12_ITS4,97.06,34,0,1,27,59,527,494,4e-11,56.5
OTU2908:30w,Sample9_ITS4,100.00,38,0,0,154,191,535,498,3e-15,71.3
OTU2917:17w,Sample6_ITS4,93.18,88,5,1,1,87,535,448,9e-33,128
OTU2934:leafNotChim_117,Sample4_ITS4,87.36,182,12,8,2,175,323,501,6e-54,198
OTU2935:leafNotChim_119,Sample12_ITS4,78.18,110,13,9,58,156,418,527,4e-12,60.2
OTU2944:leafNotChim_117,Sample16_ITS4,91.43,70,2,3,119,185,450,518,3e-22,93.5
OTU2965:leafNotChim_59,Sample11_ITS4,80.26,152,22,7,37,185,367,513,2e-26,108
OTU2977:50w,Sample15_ITS4,100.00,28,0,0,24,51,576,549,5e-10,52.8
OTU2978:14w,Sample2_ITS4,100.00,28,0,0,30,57,489,462,5e-10,52.8
OTU3015:52w,Sample2_ITS4,97.37,38,0,1,192,228,495,458,5e-13,63.9
OTU3027:leafNotChim_67,Sample13_ITS4,84.78,184,22,6,1,182,329,508,2e-48,180
OTU3038:25w,Sample2_ITS4,100.00,28,0,0,34,61,489,462,7e-10,52.8
OTU3042:leafNotChim_41,Sample19_ITS4,82.58,155,17,7,23,173,381,529,9e-33,128
OTU3054:35w,Sample12_ITS4,96.97,33,0,1,27,58,527,495,1e-10,54.7
OTU3094:leafNotChim_115,Sample4_ITS4,85.47,179,16,8,5,176,326,501,9e-48,178
OTU3106:75w,Sample2_ITS4,97.44,39,0,1,103,140,496,458,9e-14,65.8
OTU3107:leafNotChim_unmatched,Sample11_ITS4,84.21,95,11,3,102,194,418,510,6e-21,89.8
OTU3115:130w,Sample1_ITS4,81.29,171,20,10,42,207,460,297,1e-32,128
OTU3127:50w,Sample12_ITS4,81.82,99,14,4,42,138,527,431,4e-18,80.5
OTU3136:106w,Sample2_ITS4,82.83,99,12,5,151,245,495,398,4e-19,84.2
OTU3146:74w,Sample12_ITS4,81.82,99,10,5,34,127,526,431,4e-17,76.8
OTU3165:20w,Sample13_ITS4,76.60,188,21,18,3,180,490,316,7e-19,82.4
OTU3172:18w,Sample16_ITS4,91.67,60,3,2,1,58,502,443,7e-19,82.4
OTU3176:2w,Sample5_ITS4,100.00,28,0,0,34,61,588,561,7e-10,52.8
OTU3179:11w,Sample9_ITS4,97.37,38,1,0,25,62,531,494,9e-14,65.8
OTU3183:Dc-PosG,Sample8_ITS4,94.89,137,5,2,1,135,451,315,2e-58,213
OTU3189:leafNotChim_117,Sample1_ITS4,78.76,113,18,5,40,149,341,450,1e-15,71.3
OTU3204:leafNotChim_131,Sample16_ITS4,88.31,77,5,2,83,156,443,518,4e-21,89.8
OTU3226:leafNotChim_119,Sample16_ITS4,91.43,70,2,3,89,155,450,518,3e-22,93.5
OTU3230:leafNotChim_4,Sample5_ITS4,100.00,28,0,0,169,196,561,588,8e-10,52.8
OTU3239:leafNotChim_108,Sample12_ITS4,79.83,119,16,5,79,193,413,527,3e-18,80.5
OTU3252:leafNotChim_54,Sample11_ITS4,85.71,105,10,3,90,193,414,514,6e-26,106
OTU3255:75w,Sample1_ITS4,86.75,83,9,2,37,119,457,377,1e-21,91.6
OTU3289:leafNotChim_131,Sample1_ITS4,78.95,152,21,9,6,156,309,450,3e-22,93.5
OTU3290:75w,Sample1_ITS4,85.54,83,10,2,36,118,457,377,6e-20,86.1
OTU3291:16w,Sample6_ITS4,94.25,87,5,0,2,88,534,448,2e-34,134
OTU3302:leafNotChim_98,Sample13_ITS4,93.10,58,1,3,131,187,453,508,7e-19,82.4
OTU3332:leafNotChim_119,Sample1_ITS4,88.64,88,4,5,67,153,368,450,5e-25,102
OTU3366:leafNotChim_104,Sample4_ITS4,87.78,180,14,7,1,173,323,501,1e-55,204
OTU3396:101w,Sample12_ITS4,82.65,98,13,3,29,126,528,435,3e-19,84.2
OTU3399:109w,Sample2_ITS4,100.00,33,0,0,36,68,488,456,1e-12,62.1
OTU3402:68w,Sample5_ITS4,100.00,28,0,0,32,59,588,561,7e-10,52.8
OTU3405:61w,Sample2_ITS4,85.00,100,10,4,18,113,496,398,3e-23,97.1
OTU3433:leafNotChim_102,Sample1_ITS4,81.01,158,12,12,3,155,306,450,3e-27,110
OTU3463:2w,Sample12_ITS4,87.88,99,5,7,38,132,526,431,4e-27,110
OTU3479:leafNotChim_42,Sample19_ITS4,91.78,73,4,2,97,167,457,529,2e-24,100
OTU3499:leafNotChim_12,Sample11_ITS4,87.72,171,18,3,5,172,333,503,2e-53,196
OTU3501:69w,Sample2_ITS4,100.00,35,0,0,102,136,496,462,9e-14,65.8
OTU3505:106w,Sample16_ITS4,93.33,45,1,2,8,51,492,449,6e-14,65.8
OTU3519:5w,Sample12_ITS4,100.00,28,0,0,47,74,522,495,8e-10,52.8
OTU3543:3w,Sample6_ITS4,92.68,82,5,1,2,82,534,453,2e-29,117
OTU3553:26w,Sample9_ITS4,97.06,34,0,1,37,70,530,498,7e-11,56.5
OTU3596:leafNotChim_14,Sample13_ITS4,90.62,64,6,0,88,151,454,517,6e-20,86.1
OTU3599:9w,Sample16_ITS4,90.38,52,2,3,8,58,492,443,6e-14,65.8
OTU3600:5w,Sample12_ITS4,100.00,30,0,0,33,62,524,495,6e-11,56.5
OTU3602:37w,Sample2_ITS4,97.44,39,0,1,103,140,496,458,9e-14,65.8
OTU3620:leafNotChim_76,Sample19_ITS4,89.41,85,6,3,69,150,445,529,1e-25,104
OTU3653:17w,Sample12_ITS4,85.71,98,11,3,36,131,527,431,3e-24,100
OTU3669:5w,Sample9_ITS4,100.00,34,0,0,165,198,535,502,5e-13,63.9
OTU3674:Dc-PosG,Sample1_ITS4,95.24,126,6,0,19,144,416,291,1e-54,200
OTU3707:64w,Sample4_ITS4,86.67,180,16,8,2,174,484,306,3e-52,193
OTU3712:leafNotChim_131,Sample15_ITS4,100.00,28,0,0,130,157,551,578,6e-10,52.8
OTU3723:Dc-PosG,Sample1_ITS4,95.00,140,5,2,1,140,434,297,4e-60,219
OTU3726:115w,Sample20_ITS4,100.00,29,0,0,32,60,630,602,2e-10,54.7
OTU3731:81w,Sample9_ITS4,100.00,38,0,0,164,201,535,498,3e-15,71.3
OTU3738:26w,Sample6_ITS4,91.95,87,6,1,2,87,534,448,2e-30,121
OTU3744:leafNotChim_24,Sample4_ITS4,88.27,179,11,10,3,172,324,501,4e-56,206
OTU3749:75w,Sample1_ITS4,85.62,146,17,3,1,146,434,293,2e-39,150
OTU3814:55w,Sample11_ITS4,93.62,47,3,0,166,212,518,472,3e-15,71.3
OTU3830:14w,Sample12_ITS4,81.74,115,13,7,38,149,524,415,6e-21,89.8
OTU3840:leafNotChim_50,Sample6_ITS4,94.95,99,4,1,87,184,453,551,1e-40,154
OTU3866:leafNotChim_57,Sample24_ITS4,84.93,73,6,3,95,164,483,553,5e-15,69.4
OTU3879:leafNotChim_23,Sample16_ITS4,87.18,78,4,4,89,162,443,518,2e-19,84.2
OTU3887:leafNotChim_92,Sample4_ITS4,97.19,178,5,0,3,180,324,501,5e-85,302
OTU3889:64w,Sample12_ITS4,81.44,97,10,5,31,122,524,431,5e-16,73.1
OTU3894:13w,Sample16_ITS4,91.94,62,3,2,1,60,502,441,5e-20,86.1
OTU3910:leafNotChim_40,Sample16_ITS4,87.32,71,5,2,111,178,449,518,9e-18,78.7
OTU3911:10w,Sample2_ITS4,100.00,29,0,0,28,56,489,461,2e-10,54.7
OTU3946:leafNotChim_116,Sample19_ITS4,91.55,71,4,1,70,138,459,529,2e-23,97.1
OTU3949:10w,Sample2_ITS4,100.00,29,0,0,32,60,486,458,2e-10,54.7
OTU3956:3w,Sample1_ITS4,88.11,143,15,2,1,142,434,293,4e-45,169
OTU3960:11w,Sample2_ITS4,97.56,41,0,1,220,259,495,455,1e-14,69.4
OTU3962:leafNotChim_unmatched,Sample1_ITS4,92.73,55,2,2,85,139,398,450,7e-18,78.7
OTU3981:leafNotChim_131,Sample6_ITS4,100.00,32,0,0,157,188,530,561,4e-12,60.2
OTU3999:leafNotChim_104,Sample15_ITS4,95.10,245,6,5,1,243,329,569,8e-109,381
OTU4014:leafNotChim_23,Sample16_ITS4,87.18,78,4,4,92,165,443,518,2e-19,84.2
OTU4019:4w,Sample19_ITS4,97.56,41,1,0,12,52,501,461,2e-15,71.3
OTU4030:leafNotChim_94,Sample4_ITS4,87.85,181,15,6,2,177,323,501,4e-56,206
OTU4058:5w,Sample12_ITS4,84.85,99,11,4,39,135,527,431,4e-23,97.1
OTU4082:4w,Sample5_ITS4,100.00,28,0,0,33,60,588,561,7e-10,52.8
OTU4098:58w,Sample6_ITS4,93.42,76,4,1,2,77,534,460,8e-28,111
OTU4099:10w,Sample2_ITS4,96.97,33,0,1,24,55,489,457,1e-10,54.7
OTU4109:9w,Sample12_ITS4,80.41,97,14,4,31,126,524,432,8e-15,69.4
OTU4114:leafNotChim_104,Sample16_ITS4,90.14,71,3,2,111,178,449,518,4e-21,89.8
OTU4123:14w,Sample2_ITS4,100.00,28,0,0,32,59,489,462,6e-10,52.8
OTU4132:96w,Sample19_ITS4,88.46,52,2,3,1,48,513,462,3e-12,60.2
OTU4147:57w,Sample1_ITS4,85.54,83,10,2,36,118,457,377,6e-20,86.1
OTU4148:leafNotChim_92,Sample4_ITS4,84.07,182,15,9,5,178,326,501,2e-43,163
OTU4193:37w,Sample12_ITS4,78.57,98,12,7,31,125,524,433,6e-11,56.5
OTU4207:84w,Sample11_ITS4,76.72,116,24,3,31,146,513,401,1e-12,62.1
OTU4210:Dc-PosG,Sample8_ITS4,96.00,125,5,0,19,143,433,309,1e-55,204
OTU4224:55w,Sample15_ITS4,100.00,28,0,0,29,56,579,552,6e-10,52.8
OTU4225:9w,Sample11_ITS4,82.35,102,12,5,35,136,513,418,3e-19,84.2
OTU4235:39w,Sample16_ITS4,91.84,49,2,2,8,55,492,445,1e-14,67.6
OTU4241:leafNotChim_118,Sample11_ITS4,86.67,105,9,4,98,201,414,514,1e-27,111
OTU4243:leafNotChim_95,Sample1_ITS4,94.55,55,1,2,85,139,398,450,1e-19,84.2
OTU4245:50w,Sample11_ITS4,82.07,145,19,7,31,174,510,372,3e-29,117
OTU4303:1w,Sample5_ITS4,100.00,28,0,0,32,59,588,561,8e-10,52.8
OTU4306:7w,Sample20_ITS4,84.95,93,13,1,1,93,605,514,4e-22,93.5
OTU4316:leafNotChim_103,Sample1_ITS4,82.55,149,13,11,6,148,309,450,4e-30,119
OTU4362:leafNotChim_23,Sample11_ITS4,90.64,171,14,2,4,172,333,503,3e-62,226
OTU4381:leafNotChim_117,Sample1_ITS4,79.73,148,19,9,6,148,309,450,2e-23,97.1
OTU4385:leafNotChim_125,Sample1_ITS4,83.72,86,9,5,60,145,377,457,4e-17,76.8
OTU4413:25w,Sample19_ITS4,77.91,163,23,9,12,161,501,339,4e-21,89.8
OTU4415:leafNotChim_54,Sample12_ITS4,85.33,75,5,5,102,171,454,527,5e-16,73.1
OTU4427:61w,Sample1_ITS4,83.72,86,9,5,35,120,457,377,4e-17,76.8
OTU4434:70w,Sample11_ITS4,78.99,119,17,7,31,147,513,401,2e-16,75.0
OTU4451:leafNotChim_117,Sample5_ITS4,100.00,28,0,0,142,169,561,588,7e-10,52.8
OTU4453:Dc-PosG,Sample2_ITS4,100.00,143,0,0,1,143,463,321,5e-74,265
OTU4471:71w,Sample12_ITS4,96.97,33,1,0,38,70,527,495,8e-11,56.5
OTU4478:64w,Sample7_ITS4,100.00,28,0,0,39,66,550,523,6e-10,52.8
OTU4501:leafNotChim_60,Sample16_ITS4,91.55,71,2,3,157,224,449,518,1e-22,95.3
OTU4523:leafNotChim_132,Sample12_ITS4,91.49,47,3,1,104,149,478,524,3e-13,63.9
OTU4528:69w,Sample1_ITS4,87.37,95,11,1,34,128,457,364,1e-26,108
OTU4546:leafNotChim_15,Sample15_ITS4,88.61,158,12,4,4,159,332,485,2e-50,187
OTU4547:131w,Sample2_ITS4,87.10,93,10,2,27,117,490,398,2e-25,104
OTU4557:leafNotChim_unmatched,Sample1_ITS4,93.15,146,8,1,1,146,307,450,2e-58,213
OTU4581:3w,Sample12_ITS4,81.67,120,10,9,36,149,526,413,6e-21,89.8
OTU4627:20w,Sample6_ITS4,100.00,33,0,0,33,65,561,529,1e-12,62.1
OTU4645:49w,Sample11_ITS4,81.74,115,17,4,35,147,512,400,4e-22,93.5
OTU4650:leafNotChim_127,Sample12_ITS4,80.41,97,12,5,95,187,431,524,3e-14,67.6
OTU4653:leafNotChim_32,Sample20_ITS4,87.16,109,13,1,130,238,514,621,6e-31,122
OTU4655:115w,Sample9_ITS4,100.00,28,0,0,25,52,530,503,4e-10,52.8
OTU4662:131w,Sample12_ITS4,82.65,98,8,5,33,123,526,431,1e-17,78.7
OTU4686:leafNotChim_40,Sample4_ITS4,87.29,181,10,11,3,173,324,501,8e-53,195
OTU4688:leafNotChim_78,Sample16_ITS4,83.70,184,20,10,1,178,339,518,7e-44,165
OTU4689:3w,Sample2_ITS4,94.44,36,1,1,25,59,490,455,1e-10,54.7
OTU4697:leafNotChim_unmatched,Sample1_ITS4,86.47,133,11,7,20,150,323,450,3e-36,139
OTU4708:leafNotChim_110,Sample15_ITS4,90.18,163,9,2,1,162,329,485,6e-56,206
OTU4715:45w,Sample9_ITS4,96.88,32,1,0,150,181,525,494,3e-10,54.7
OTU4723:59w,Sample12_ITS4,85.33,75,5,5,30,99,527,454,5e-16,73.1
OTU4750:59w,Sample2_ITS4,100.00,33,0,0,184,216,495,463,2e-12,62.1
OTU4764:leafNotChim_125,Sample19_ITS4,90.56,180,12,3,1,180,355,529,2e-64,233
OTU4774:38w,Sample5_ITS4,100.00,28,0,0,35,62,588,561,7e-10,52.8
OTU4795:38w,Sample11_ITS4,82.18,101,12,6,29,127,510,414,1e-18,82.4
OTU4807:leafNotChim_unmatched,Sample1_ITS4,91.28,149,8,4,1,148,306,450,5e-54,198
OTU4828:leafNotChim_45,Sample4_ITS4,83.43,181,14,13,5,174,326,501,1e-40,154
OTU4829:26w,Sample4_ITS4,83.87,186,15,13,2,179,484,306,2e-43,163
OTU4866:133w,Sample12_ITS4,84.69,98,11,4,57,152,526,431,1e-22,95.3
OTU4887:59w,Sample11_ITS4,100.00,29,0,0,40,68,510,482,2e-10,54.7
OTU4898:16w,Sample5_ITS4,100.00,28,0,0,33,60,588,561,7e-10,52.8
OTU4900:86w,Sample2_ITS4,100.00,32,0,0,38,69,489,458,5e-12,60.2
OTU4914:59w,Sample9_ITS4,97.06,34,0,1,34,67,530,498,7e-11,56.5
OTU4944:26w,Sample9_ITS4,100.00,29,0,0,22,50,531,503,1e-10,54.7
OTU5012:leafNotChim_unmatched,Sample13_ITS4,93.89,180,10,1,1,179,329,508,1e-75,270
OTU5021:57w,Sample16_ITS4,95.45,44,0,2,9,51,492,450,6e-15,69.4
OTU5081:74w,Sample12_ITS4,96.97,33,0,1,28,59,527,495,1e-10,54.7
OTU5102:11w,Sample6_ITS4,100.00,28,0,0,26,53,560,533,5e-10,52.8
OTU5105:leafNotChim_unmatched,Sample16_ITS4,89.19,74,4,2,68,137,445,518,3e-21,89.8
OTU5128:68w,Sample12_ITS4,79.59,98,11,8,34,124,526,431,1e-12,62.1
OTU5138:7w,Sample2_ITS4,100.00,32,0,0,34,65,489,458,4e-12,60.2
OTU5160:leafNotChim_33,Sample15_ITS4,100.00,28,0,0,148,175,551,578,7e-10,52.8
OTU5180:leafNotChim_111,Sample16_ITS4,91.55,71,2,3,117,184,449,518,9e-23,95.3
OTU5184:50w,Sample2_ITS4,97.37,38,0,1,194,230,495,458,5e-13,63.9
OTU5188:leafNotChim_97,Sample16_ITS4,91.55,71,2,3,113,180,449,518,9e-23,95.3
OTU5194:leafNotChim_100,Sample20_ITS4,91.84,49,3,1,6,54,410,457,3e-14,67.6
OTU5213:leafNotChim_105,Sample24_ITS4,89.81,108,10,1,62,169,447,553,1e-35,137
OTU5213:leafNotChim_105,Sample24_ITS4,94.05,84,5,0,1,84,345,428,8e-33,128
OTU5240:68w,Sample5_ITS4,100.00,28,0,0,33,60,588,561,7e-10,52.8
OTU5282:89w,Sample11_ITS4,80.85,94,14,4,25,118,514,425,2e-15,71.3
OTU5333:leafNotChim_131,Sample15_ITS4,87.72,228,15,10,20,239,347,569,2e-70,254
OTU5337:leafNotChim_34,Sample19_ITS4,80.73,109,11,9,93,196,426,529,4e-17,76.8
OTU5343:50w,Sample11_ITS4,79.12,91,14,4,77,167,510,425,2e-11,58.4
OTU5350:92w,Sample12_ITS4,78.22,101,13,7,33,128,527,431,6e-11,56.5
OTU5358:50w,Sample11_ITS4,97.06,34,1,0,27,60,510,477,1e-11,58.4
OTU5383:14w,Sample12_ITS4,97.22,36,1,0,38,73,526,491,1e-12,62.1
OTU5393:50w,Sample20_ITS4,88.89,81,5,4,2,79,604,525,3e-23,97.1
OTU5403:84w,Sample2_ITS4,100.00,31,0,0,33,63,488,458,2e-11,58.4
OTU5408:leafNotChim_27,Sample1_ITS4,84.35,147,19,4,1,146,307,450,9e-37,141
OTU5417:leafNotChim_40,Sample4_ITS4,87.78,180,15,7,2,175,323,501,1e-55,204
OTU5461:leafNotChim_32,Sample6_ITS4,83.16,95,12,3,97,190,460,551,2e-19,84.2
OTU5462:leafNotChim_103,Sample12_ITS4,79.21,101,13,7,116,215,431,524,4e-13,63.9
OTU5471:92w,Sample9_ITS4,100.00,29,0,0,22,50,531,503,1e-10,54.7
OTU5503:leafNotChim_unmatched,Sample12_ITS4,89.80,98,3,6,99,191,429,524,7e-30,119
OTU5515:3w,Sample12_ITS4,78.98,157,17,13,35,184,527,380,5e-22,93.5
OTU5521:64w,Sample5_ITS4,100.00,28,0,0,28,55,588,561,6e-10,52.8
OTU5600:leafNotChim_92,Sample2_ITS4,100.00,28,0,0,127,154,462,489,6e-10,52.8
OTU5647:13w,Sample11_ITS4,79.21,101,13,7,48,147,513,420,4e-13,63.9
OTU5653:60w,Sample12_ITS4,79.21,101,13,4,32,127,524,427,4e-13,63.9
OTU5659:25w,Sample20_ITS4,85.11,94,11,3,1,93,605,514,4e-22,93.5
OTU5660:25w,Sample5_ITS4,100.00,29,0,0,28,56,589,561,2e-10,54.7
OTU5701:17w,Sample24_ITS4,93.97,116,6,1,126,241,443,329,2e-46,174
OTU5701:17w,Sample24_ITS4,94.03,67,3,1,1,66,537,471,3e-24,100
OTU5709:60w,Sample12_ITS4,91.49,47,3,1,37,82,524,478,3e-13,63.9
OTU5729:56w,Sample19_ITS4,88.68,53,2,3,1,49,513,461,7e-13,62.1
OTU5731:leafNotChim_110,Sample5_ITS4,100.00,28,0,0,153,180,561,588,7e-10,52.8
OTU5786:leafNotChim_unmatched,Sample13_ITS4,92.98,57,3,1,132,188,453,508,7e-19,82.4
OTU5796:109w,Sample19_ITS4,95.35,43,2,0,10,52,503,461,6e-15,69.4
OTU5803:leafNotChim_51,Sample6_ITS4,89.29,112,5,5,83,193,446,551,2e-34,134
OTU5859:leafNotChim_22,Sample24_ITS4,87.67,227,10,3,1,226,344,553,8e-69,248
OTU5887:leafNotChim_121,Sample6_ITS4,92.93,99,6,1,104,201,453,551,4e-37,143
OTU5896:58w,Sample11_ITS4,97.06,34,1,0,39,72,510,477,2e-11,58.4
OTU5928:leafNotChim_82,Sample5_ITS4,100.00,29,0,0,170,198,561,589,2e-10,54.7
OTU5972:23w,Sample15_ITS4,100.00,28,0,0,29,56,579,552,6e-10,52.8
OTU5991:68w,Sample6_ITS4,100.00,32,0,0,26,57,561,530,4e-12,60.2
OTU6070:leafNotChim_100,Sample15_ITS4,82.04,245,20,11,3,228,330,569,2e-50,187
OTU6087:leafNotChim_unmatched,Sample16_ITS4,93.59,78,3,1,103,178,441,518,7e-29,115
OTU6119:2w,Sample15_ITS4,91.11,45,2,2,31,74,484,441,3e-12,60.2
OTU6141:85w,Sample2_ITS4,100.00,31,0,0,38,68,488,458,2e-11,58.4
OTU6179:23w,Sample11_ITS4,100.00,33,0,0,37,69,513,481,1e-12,62.1
OTU6188:101w,Sample11_ITS4,93.18,176,7,5,3,177,485,314,1e-70,254
OTU6193:leafNotChim_131,Sample15_ITS4,86.89,244,20,9,3,238,330,569,3e-73,263
OTU6220:30w,Sample15_ITS4,100.00,28,0,0,30,57,579,552,5e-10,52.8
OTU6221:leafNotChim_unmatched,Sample13_ITS4,84.82,191,17,9,1,189,328,508,7e-49,182
OTU6227:72w,Sample12_ITS4,84.69,98,11,4,44,139,526,431,1e-22,95.3
OTU6253:68w,Sample1_ITS4,87.79,131,13,2,1,130,434,306,2e-39,150
OTU6254:leafNotChim_131,Sample6_ITS4,82.47,97,13,4,100,194,457,551,8e-19,82.4
OTU6266:46w,Sample12_ITS4,79.21,101,13,7,36,135,524,431,4e-13,63.9
OTU6305:leafNotChim_125,Sample4_ITS4,87.63,186,11,11,1,178,320,501,4e-56,206
OTU6323:101w,Sample2_ITS4,100.00,29,0,0,50,78,487,459,2e-10,54.7
OTU6335:leafNotChim_unmatched,Sample13_ITS4,98.89,180,2,0,1,180,329,508,4e-91,322
OTU6348:leafNotChim_87,Sample15_ITS4,87.80,246,18,10,4,243,330,569,1e-77,278
OTU6362:19w,Sample20_ITS4,86.02,93,9,4,1,91,605,515,4e-23,97.1
OTU6363:71w,Sample12_ITS4,80.73,109,12,7,37,141,527,424,5e-17,76.8
OTU6380:93w,Sample2_ITS4,97.44,39,0,1,37,74,490,452,1e-13,65.8
OTU6386:leafNotChim_133,Sample1_ITS4,80.26,152,18,10,6,155,309,450,1e-25,104
OTU6407:42w,Sample6_ITS4,100.00,30,0,0,34,63,558,529,6e-11,56.5
OTU6415:94w,Sample18_ITS4,100.00,31,0,0,32,62,787,757,1e-11,58.4
OTU6452:leafNotChim_118,Sample6_ITS4,90.65,107,6,3,92,198,449,551,5e-36,139
OTU6471:74w,Sample6_ITS4,96.55,87,2,1,1,87,535,450,3e-37,143
OTU6473:leafNotChim_67,Sample6_ITS4,97.09,103,2,1,90,192,450,551,4e-46,172
OTU6477:52w,Sample11_ITS4,97.06,34,1,0,29,62,510,477,1e-11,58.4
OTU6487:leafNotChim_131,Sample20_ITS4,88.18,110,9,4,122,229,514,621,1e-32,128
OTU6497:17w,Sample15_ITS4,100.00,28,0,0,26,53,576,549,5e-10,52.8
OTU6503:18w,Sample2_ITS4,97.50,40,1,0,164,203,496,457,1e-14,69.4
OTU6506:14w,Sample13_ITS4,90.62,64,6,0,36,99,517,454,6e-20,86.1
OTU6550:94w,Sample5_ITS4,100.00,28,0,0,32,59,588,561,6e-10,52.8
OTU6553:leafNotChim_84,Sample6_ITS4,92.31,104,7,1,94,196,448,551,3e-38,147
OTU6565:58w,Sample19_ITS4,80.22,182,20,10,2,175,512,339,4e-31,122
OTU6570:101w,Sample19_ITS4,94.41,179,6,3,1,179,513,339,4e-76,272
OTU6580:leafNotChim_127,Sample12_ITS4,79.41,102,13,4,109,205,426,524,1e-13,65.8
OTU6600:leafNotChim_97,Sample11_ITS4,81.38,145,19,7,48,190,375,513,1e-27,111
OTU6611:30w,Sample12_ITS4,94.87,39,1,1,31,69,526,489,4e-12,60.2
OTU6615:leafNotChim_117,Sample6_ITS4,93.33,105,5,2,97,201,449,551,2e-40,154
OTU6621:18w,Sample20_ITS4,86.17,94,9,4,1,92,605,514,9e-24,99.0
OTU6623:leafNotChim_unmatched,Sample19_ITS4,90.41,73,3,3,97,166,458,529,3e-22,93.5
OTU6637:15w,Sample9_ITS4,95.24,42,1,1,166,206,535,494,1e-13,65.8
OTU6639:leafNotChim_125,Sample6_ITS4,100.00,32,0,0,132,163,530,561,4e-12,60.2
OTU6673:35w,Sample2_ITS4,97.30,37,0,1,38,73,488,452,1e-12,62.1
OTU6677:84w,Sample2_ITS4,97.44,39,0,1,100,137,496,458,9e-14,65.8
OTU6682:93w,Sample12_ITS4,81.48,108,13,6,37,141,527,424,1e-18,82.4
OTU6688:19w,Sample11_ITS4,89.22,167,15,3,3,167,485,320,4e-56,206
OTU6736:131w,Sample15_ITS4,92.41,158,7,3,48,205,499,347,2e-60,220
OTU6753:leafNotChim_103,Sample12_ITS4,100.00,32,0,0,139,170,495,526,4e-12,60.2
OTU6755:leafNotChim_104,Sample5_ITS4,100.00,28,0,0,173,200,561,588,8e-10,52.8
OTU6783:leafNotChim_57,Sample11_ITS4,90.70,172,14,2,4,174,333,503,8e-63,228
OTU6792:2w,Sample12_ITS4,100.00,33,0,0,108,140,527,495,2e-12,62.1
OTU6794:26w,Sample13_ITS4,89.39,66,5,2,37,102,515,452,1e-18,82.4
OTU6804:17w,Sample24_ITS4,90.97,144,10,3,99,240,471,329,2e-51,191
OTU6804:17w,Sample24_ITS4,95.45,66,3,0,1,66,537,472,6e-26,106
OTU6814:68w,Sample9_ITS4,97.37,38,1,0,25,62,531,494,9e-14,65.8
OTU6817:58w,Sample15_ITS4,100.00,29,0,0,31,59,579,551,2e-10,54.7
OTU6827:leafNotChim_5,Sample5_ITS4,100.00,28,0,0,146,173,561,588,7e-10,52.8
OTU6837:leafNotChim_unmatched,Sample9_ITS4,100.00,176,0,0,1,176,345,520,3e-92,326
OTU6848:21w,Sample11_ITS4,82.24,152,17,9,32,181,510,367,6e-31,122
OTU6858:71w,Sample5_ITS4,100.00,28,0,0,33,60,588,561,7e-10,52.8
OTU6866:14w,Sample20_ITS4,82.98,235,21,12,1,234,605,389,1e-52,195
OTU6879:28w,Sample12_ITS4,80.95,105,8,6,37,134,526,427,5e-16,73.1
OTU6888:7w,Sample9_ITS4,100.00,29,0,0,25,53,531,503,1e-10,54.7
OTU6892:69w,Sample20_ITS4,97.22,36,1,0,211,246,635,600,2e-12,62.1
OTU6928:leafNotChim_103,Sample6_ITS4,89.19,111,7,2,92,202,446,551,2e-34,134
OTU6962:leafNotChim_unmatched,Sample1_ITS4,87.25,149,12,7,3,149,307,450,2e-43,163
OTU6976:leafNotChim_63,Sample12_ITS4,80.41,97,14,4,111,206,432,524,8e-15,69.4
OTU7004:39w,Sample12_ITS4,84.85,99,11,4,46,142,527,431,4e-23,97.1
OTU7040:87w,Sample5_ITS4,100.00,28,0,0,32,59,588,561,7e-10,52.8
OTU7049:64w,Sample5_ITS4,100.00,28,0,0,30,57,588,561,7e-10,52.8
OTU7056:50w,Sample13_ITS4,87.16,109,10,3,160,265,523,416,3e-30,121
OTU7070:25w,Sample13_ITS4,95.65,46,1,1,121,165,531,486,8e-16,73.1
OTU7113:leafNotChim_unmatched,Sample1_ITS4,87.36,87,6,5,79,164,368,450,8e-23,95.3
OTU7134:58w,Sample5_ITS4,100.00,28,0,0,32,59,588,561,8e-10,52.8
OTU7171:10w,Sample12_ITS4,97.30,37,0,1,50,86,527,492,1e-12,62.1
OTU7198:46w,Sample2_ITS4,80.21,96,10,8,34,124,489,398,3e-13,63.9
OTU7216:79w,Sample12_ITS4,81.58,152,14,9,30,173,524,379,3e-28,113
OTU7227:58w,Sample2_ITS4,100.00,32,0,0,26,57,490,459,3e-12,60.2
OTU7229:71w,Sample6_ITS4,100.00,28,0,0,73,100,558,531,9e-10,52.8
OTU7253:84w,Sample6_ITS4,100.00,33,0,0,39,71,561,529,1e-12,62.1
OTU7258:leafNotChim_116,Sample8_ITS4,95.14,144,6,1,1,144,325,467,2e-62,226
OTU7259:101w,Sample8_ITS4,91.94,62,3,2,36,97,474,415,6e-20,86.1
OTU7264:66w,Sample13_ITS4,82.72,81,12,2,167,247,523,445,3e-15,71.3
OTU7276:14w,Sample9_ITS4,100.00,33,0,0,122,154,535,503,1e-12,62.1
OTU7277:129w,Sample6_ITS4,96.97,33,1,0,35,67,561,529,5e-11,56.5
OTU7295:leafNotChim_61,Sample5_ITS4,100.00,28,0,0,163,190,561,588,7e-10,52.8
OTU7353:leafNotChim_101,Sample2_ITS4,100.00,31,0,0,144,174,458,488,1e-11,58.4
OTU7362:leafNotChim_33,Sample11_ITS4,81.73,104,13,5,94,196,415,513,1e-18,82.4
OTU7395:75w,Sample20_ITS4,97.44,39,1,0,176,214,636,598,4e-14,67.6
OTU7401:21w,Sample6_ITS4,100.00,30,0,0,32,61,558,529,6e-11,56.5
OTU7404:89w,Sample20_ITS4,100.00,28,0,0,30,57,631,604,6e-10,52.8
OTU7409:75w,Sample1_ITS4,85.54,83,10,2,36,118,457,377,6e-20,86.1
OTU7423:60w,Sample1_ITS4,91.80,61,4,1,38,98,457,398,3e-19,84.2
OTU7425:124w,Sample6_ITS4,97.06,34,1,0,39,72,561,528,1e-11,58.4
OTU7445:18w,Sample2_ITS4,97.06,34,0,1,19,51,490,457,3e-11,56.5
OTU7471:Dc-Neg,Sample16_ITS4,93.33,60,3,1,2,61,501,443,2e-20,87.9
OTU7477:23w,Sample15_ITS4,100.00,28,0,0,45,72,579,552,7e-10,52.8
OTU7478:3w,Sample19_ITS4,97.56,41,1,0,12,52,501,461,2e-15,71.3
OTU7528:leafNotChim_unmatched,Sample5_ITS4,100.00,29,0,0,160,188,561,589,2e-10,54.7
OTU7549:73w,Sample9_ITS4,100.00,29,0,0,25,53,531,503,1e-10,54.7
OTU7573:leafNotChim_unmatched,Sample11_ITS4,86.32,95,10,3,103,196,418,510,3e-24,100
OTU7586:45w,Sample11_ITS4,90.97,155,10,4,3,155,485,333,4e-56,206
OTU7633:82w,Sample5_ITS4,100.00,28,0,0,34,61,588,561,7e-10,52.8
OTU7648:leafNotChim_unmatched,Sample8_ITS4,92.36,144,9,2,1,143,325,467,1e-55,204
OTU7698:97w,Sample2_ITS4,100.00,32,0,0,35,66,489,458,5e-12,60.2
OTU7701:81w,Sample6_ITS4,100.00,31,0,0,39,69,560,530,2e-11,58.4
OTU7742:50w,Sample13_ITS4,87.88,99,8,3,162,257,523,426,5e-28,113
OTU7788:26w,Sample20_ITS4,89.86,69,7,0,163,231,457,389,5e-21,89.8
OTU7803:26w,Sample1_ITS4,81.70,153,13,13,1,151,434,295,2e-28,113
OTU7804:25w,Sample12_ITS4,100.00,30,0,0,24,53,524,495,5e-11,56.5
OTU7819:129w,Sample8_ITS4,83.04,112,16,3,21,132,434,326,6e-24,99.0
OTU7841:28w,Sample11_ITS4,88.44,173,16,4,3,172,485,314,4e-56,206
OTU7855:leafNotChim_unmatched,Sample13_ITS4,92.27,181,9,5,1,177,329,508,5e-70,252
OTU7873:leafNotChim_132,Sample12_ITS4,79.00,100,13,6,84,178,431,527,1e-12,62.1
OTU7890:37w,Sample11_ITS4,94.44,36,0,1,40,73,514,479,2e-10,54.7
OTU7899:leafNotChim_51,Sample13_ITS4,84.53,181,21,7,3,180,332,508,4e-46,172
OTU7910:19w,Sample6_ITS4,100.00,30,0,0,33,62,559,530,5e-11,56.5
OTU7921:leafNotChim_49,Sample1_ITS4,93.75,144,9,0,1,144,307,450,1e-59,217
OTU7927:leafNotChim_unmatched,Sample15_ITS4,100.00,29,0,0,145,173,551,579,2e-10,54.7
OTU7933:leafNotChim_unmatched,Sample6_ITS4,82.47,97,11,4,108,203,460,551,3e-18,80.5
OTU7934:133w,Sample5_ITS4,87.23,47,5,1,24,70,606,561,8e-10,52.8
OTU7945:104w,Sample20_ITS4,87.84,74,7,1,21,94,586,515,8e-20,86.1
OTU7980:101w,Sample16_ITS4,96.61,59,1,1,1,58,502,444,3e-23,97.1
OTU8007:128w,Sample12_ITS4,100.00,30,0,0,33,62,524,495,6e-11,56.5
OTU8025:7w,Sample20_ITS4,90.29,103,7,3,1,102,605,505,9e-34,132
OTU8047:109w,Sample8_ITS4,100.00,33,0,0,35,67,476,444,1e-12,62.1
OTU8048:108w,Sample19_ITS4,97.56,41,1,0,12,52,501,461,2e-15,71.3
OTU8066:7w,Sample19_ITS4,88.68,53,2,3,1,49,513,461,8e-13,62.1
OTU8130:leafNotChim_35,Sample16_ITS4,97.33,75,1,1,109,182,444,518,3e-32,126
OTU8148:leafNotChim_unmatched,Sample6_ITS4,94.23,104,5,1,91,193,448,551,1e-41,158
OTU8165:leafNotChim_unmatched,Sample16_ITS4,88.57,70,5,1,89,155,449,518,6e-19,82.4
OTU8166:leafNotChim_unmatched,Sample12_ITS4,77.78,117,15,8,63,172,415,527,1e-12,62.1
OTU8169:leafNotChim_9,Sample12_ITS4,84.38,64,8,2,107,169,464,526,1e-12,62.1
OTU8170:leafNotChim_99,Sample6_ITS4,92.23,103,7,1,100,201,449,551,1e-37,145
OTU8185:55w,Sample13_ITS4,87.50,104,9,4,33,134,518,417,3e-29,117
OTU8203:leafNotChim_125,Sample12_ITS4,88.68,53,3,3,117,167,475,526,1e-12,62.1
OTU8225:61w,Sample2_ITS4,100.00,33,0,0,191,223,495,463,2e-12,62.1
OTU8243:25w,Sample19_ITS4,97.56,41,1,0,12,52,501,461,2e-15,71.3
OTU8261:101w,Sample9_ITS4,100.00,31,0,0,29,59,530,500,1e-11,58.4
OTU8263:leafNotChim_103,Sample2_ITS4,100.00,29,0,0,143,171,458,486,2e-10,54.7
OTU8283:leafNotChim_63,Sample5_ITS4,100.00,28,0,0,150,177,561,588,7e-10,52.8
OTU8360:30w,Sample11_ITS4,79.79,94,14,4,50,139,512,420,3e-13,63.9
OTU8383:73w,Sample2_ITS4,97.14,35,0,1,31,64,486,452,2e-11,58.4
OTU8394:86w,Sample9_ITS4,94.74,38,2,0,25,62,531,494,4e-12,60.2
OTU8401:Dc-PosG,Sample1_ITS4,99.16,119,1,0,19,137,409,291,5e-59,215
OTU8440:leafNotChim_122,Sample6_ITS4,92.31,104,7,1,101,203,448,551,3e-38,147
OTU8460:leafNotChim_97,Sample15_ITS4,85.21,257,18,13,1,253,329,569,3e-68,246
OTU8499:4w,Sample1_ITS4,91.67,60,4,1,37,96,457,399,8e-19,82.4
OTU8526:leafNotChim_unmatched,Sample6_ITS4,88.29,111,7,6,90,199,446,551,1e-32,128
OTU8531:leafNotChim_unmatched,Sample6_ITS4,93.27,104,6,1,89,191,448,551,6e-40,152
OTU8622:74w,Sample13_ITS4,88.06,67,7,1,40,106,518,453,1e-17,78.7
OTU8627:leafNotChim_27,Sample16_ITS4,91.55,71,2,3,160,227,449,518,1e-22,95.3
OTU8642:101w,Sample6_ITS4,100.00,30,0,0,40,69,560,531,6e-11,56.5
OTU8655:31w,Sample3_ITS4,94.29,35,1,1,30,64,582,549,7e-10,52.8
OTU8662:68w,Sample1_ITS4,87.37,95,11,1,34,128,457,364,1e-26,108
OTU8673:74w,Sample1_ITS4,84.85,132,12,7,3,131,432,306,3e-32,126
OTU8735:26w,Sample4_ITS4,85.95,185,10,11,2,176,484,306,2e-49,183
OTU8754:leafNotChim_133,Sample1_ITS4,79.61,152,21,9,2,151,307,450,2e-24,100
OTU8812:leafNotChim_unmatched,Sample4_ITS4,87.98,183,6,13,2,172,323,501,5e-55,202
OTU8822:39w,Sample6_ITS4,90.00,50,2,3,17,64,578,530,1e-12,62.1
OTU8832:26w,Sample4_ITS4,86.34,183,15,10,2,178,484,306,1e-51,191
OTU8854:26w,Sample4_ITS4,83.52,182,18,11,2,174,484,306,3e-42,159
OTU8870:leafNotChim_unmatched,Sample13_ITS4,81.91,188,22,10,1,184,329,508,7e-39,148
OTU8900:81w,Sample11_ITS4,82.80,93,13,3,29,120,510,420,3e-18,80.5
OTU8905:68w,Sample2_ITS4,97.37,38,0,1,141,177,495,458,4e-13,63.9
OTU8936:leafNotChim_unmatched,Sample13_ITS4,84.85,99,8,6,81,174,419,515,4e-22,93.5
OTU8938:leafNotChim_1,Sample19_ITS4,84.28,159,15,7,20,176,379,529,2e-38,147
OTU8945:18w,Sample5_ITS4,100.00,28,0,0,42,69,588,561,8e-10,52.8
OTU8946:leafNotChim_56,Sample1_ITS4,87.92,149,13,3,1,149,307,450,1e-45,171
OTU8960:3w,Sample11_ITS4,100.00,32,0,0,29,60,514,483,5e-12,60.2
OTU8970:leafNotChim_31,Sample5_ITS4,99.57,232,1,0,1,232,347,578,1e-121,424
OTU8977:leafNotChim_131,Sample20_ITS4,87.61,113,9,4,121,229,510,621,4e-32,126
OTU8986:Dc-PosG,Sample13_ITS4,99.39,163,1,0,15,177,475,313,2e-83,296
OTU8989:17w,Sample16_ITS4,95.74,47,2,0,12,58,489,443,3e-17,76.8
OTU9002:17w,Sample6_ITS4,100.00,33,0,0,37,69,561,529,1e-12,62.1
OTU9009:59w,Sample9_ITS4,97.06,34,0,1,31,63,530,497,7e-11,56.5
OTU9053:131w,Sample4_ITS4,85.25,183,12,11,2,173,484,306,1e-46,174
OTU9063:39w,Sample2_ITS4,100.00,31,0,0,47,77,489,459,2e-11,58.4
OTU9070:28w,Sample2_ITS4,100.00,29,0,0,31,59,486,458,2e-10,54.7
OTU9095:2w,Sample12_ITS4,79.17,96,12,5,43,134,522,431,5e-12,60.2
OTU9105:104w,Sample16_ITS4,95.45,44,0,2,9,51,492,450,6e-15,69.4
OTU9108:104w,Sample8_ITS4,84.69,98,12,2,38,134,476,381,1e-22,95.3
OTU9120:leafNotChim_94,Sample16_ITS4,91.55,71,2,3,95,162,449,518,8e-23,95.3
OTU9167:leafNotChim_98,Sample12_ITS4,84.40,109,9,6,65,169,413,517,2e-24,100
OTU9180:7w,Sample12_ITS4,84.00,100,10,6,88,184,527,431,2e-21,91.6
OTU9220:leafNotChim_unmatched,Sample13_ITS4,79.01,181,26,9,3,175,332,508,2e-28,113
OTU9238:leafNotChim_unmatched,Sample13_ITS4,85.33,184,18,7,1,179,329,508,7e-49,182
OTU9259:leafNotChim_105,Sample5_ITS4,100.00,28,0,0,172,199,561,588,8e-10,52.8
OTU9291:69w,Sample11_ITS4,83.51,97,12,4,35,128,513,418,2e-20,87.9
OTU9297:leafNotChim_unmatched,Sample9_ITS4,90.48,42,1,1,164,202,503,544,7e-10,52.8
OTU9306:79w,Sample2_ITS4,96.88,32,0,1,34,65,486,456,8e-10,52.8
OTU9359:3w,Sample2_ITS4,100.00,34,0,0,164,197,496,463,5e-13,63.9
OTU9364:45w,Sample2_ITS4,100.00,28,0,0,34,61,486,459,8e-10,52.8
OTU9375:50w,Sample16_ITS4,95.45,44,0,2,10,52,491,449,6e-15,69.4
OTU9380:52w,Sample6_ITS4,100.00,30,0,0,33,62,558,529,5e-11,56.5
OTU9381:104w,Sample6_ITS4,96.97,33,1,0,31,63,561,529,5e-11,56.5
OTU9391:64w,Sample5_ITS4,100.00,28,0,0,37,64,588,561,8e-10,52.8
OTU9402:64w,Sample5_ITS4,100.00,28,0,0,32,59,588,561,7e-10,52.8
OTU9417:86w,Sample2_ITS4,92.31,39,1,2,21,57,496,458,1e-10,54.7
OTU9472:17w,Sample19_ITS4,80.12,171,20,8,12,176,501,339,7e-29,115
OTU9502:leafNotChim_102,Sample11_ITS4,86.14,101,8,6,113,212,418,513,2e-25,104
OTU9515:leafNotChim_126A,Sample4_ITS4,85.00,180,13,12,3,170,324,501,1e-45,171
OTU9517:leafNotChim_27,Sample1_ITS4,92.98,57,4,0,121,177,394,450,2e-19,84.2
OTU9532:leafNotChim_27,Sample13_ITS4,87.50,64,7,1,95,158,453,515,5e-16,73.1
OTU9559:leafNotChim_82,Sample12_ITS4,81.58,152,14,9,45,188,379,524,3e-28,113
OTU9615:73w,Sample13_ITS4,83.81,105,10,5,158,256,523,420,7e-22,93.5
OTU9676:68w,Sample1_ITS4,91.80,61,4,1,44,104,457,398,3e-19,84.2
OTU9678:5w,Sample9_ITS4,97.30,37,0,1,158,193,530,494,2e-12,62.1
OTU9679:13w,Sample22_ITS4,80.95,126,10,10,1,114,512,389,1e-20,87.9
OTU9681:73w,Sample11_ITS4,95.35,172,7,1,1,171,487,316,4e-76,272
OTU9702:14w,Sample11_ITS4,82.98,94,12,4,31,121,510,418,9e-19,82.4
OTU9753:21w,Sample9_ITS4,96.97,33,1,0,39,71,530,498,7e-11,56.5
OTU9797:leafNotChim_unmatched,Sample5_ITS4,100.00,29,0,0,176,204,561,589,2e-10,54.7
OTU9804:leafNotChim_70,Sample1_ITS4,86.49,148,11,7,2,144,307,450,1e-40,154
OTU9816:38w,Sample5_ITS4,100.00,28,0,0,37,64,588,561,7e-10,52.8
OTU9824:101w,Sample15_ITS4,100.00,28,0,0,32,59,579,552,7e-10,52.8
OTU9826:10w,Sample2_ITS4,97.44,39,0,1,103,140,496,458,9e-14,65.8
OTU9853:50w,Sample16_ITS4,93.33,45,1,2,8,51,492,449,5e-14,65.8
OTU9903:92w,Sample15_ITS4,100.00,31,0,0,34,64,579,549,1e-11,58.4
OTU9930:50w,Sample11_ITS4,100.00,31,0,0,35,65,512,482,2e-11,58.4
OTU9945:leafNotChim_unmatched,Sample11_ITS4,84.04,94,11,4,98,190,420,510,2e-20,87.9
OTU9974:leafNotChim_40,Sample19_ITS4,94.52,73,3,1,55,126,457,529,6e-28,111
OTU9995:leafNotChim_unmatched,Sample13_ITS4,82.65,196,17,13,1,194,328,508,1e-41,158
OTU10091:125w,Sample11_ITS4,100.00,32,0,0,34,65,513,482,4e-12,60.2
OTU10127:leafNotChim_unmatched,Sample10_ITS4,89.71,175,15,3,1,173,325,498,1e-60,220
OTU10154:26w,Sample9_ITS4,100.00,29,0,0,24,52,531,503,1e-10,54.7
OTU10196:101w,Sample11_ITS4,82.98,94,13,3,34,125,510,418,9e-19,82.4
OTU10254:leafNotChim_131,Sample6_ITS4,81.19,101,10,8,170,270,460,551,6e-16,73.1
OTU10275:leafNotChim_unmatched,Sample7_ITS4,94.39,196,8,3,1,196,348,540,7e-84,298
OTU10282:leafNotChim_unmatched,Sample5_ITS4,100.00,28,0,0,166,193,561,588,7e-10,52.8
OTU10285:79w,Sample16_ITS4,79.44,180,14,9,1,157,502,323,4e-26,106
OTU10304:3w,Sample20_ITS4,83.33,102,12,5,1,100,605,507,6e-21,89.8
OTU10310:79w,Sample15_ITS4,100.00,28,0,0,37,64,579,552,7e-10,52.8
OTU10318:leafNotChim_99,Sample6_ITS4,88.29,111,8,3,85,195,446,551,1e-32,128
OTU10325:leafNotChim_7,Sample19_ITS4,85.12,121,14,3,72,189,410,529,2e-30,121
OTU10374:leafNotChim_69,Sample1_ITS4,88.64,88,10,0,52,139,363,450,9e-27,108
OTU10397:leafNotChim_118,Sample15_ITS4,85.02,247,23,12,2,241,330,569,5e-66,239
OTU10423:leafNotChim_30,Sample16_ITS4,93.51,77,4,1,49,125,443,518,2e-28,113
OTU10439:leafNotChim_3,Sample16_ITS4,88.57,70,4,2,62,127,449,518,5e-19,82.4
OTU10538:leafNotChim_unmatched,Sample1_ITS4,78.81,151,22,10,3,150,307,450,3e-22,93.5
OTU10555:92w,Sample12_ITS4,79.67,123,14,8,37,154,527,411,1e-17,78.7
OTU10566:86w,Sample22_ITS4,96.20,158,3,3,1,156,512,356,4e-71,255
OTU10653:leafNotChim_unmatched,Sample12_ITS4,81.37,102,10,5,99,195,429,526,2e-16,75.0
OTU10694:Dc-PosI,Sample12_ITS4,99.39,164,1,0,1,164,501,338,6e-84,298
OTU10700:Dc-PosG,Sample8_ITS4,93.84,146,6,3,1,146,451,309,1e-59,217
OTU10701:leafNotChim_unmatched,Sample1_ITS4,80.82,146,21,7,3,143,307,450,9e-27,108
OTU10743:leafNotChim_unmatched,Sample1_ITS4,79.87,149,22,7,4,149,307,450,4e-25,102
OTU10746:73w,Sample12_ITS4,79.22,154,18,10,31,175,527,379,1e-22,95.3
OTU10764:leafNotChim_unmatched,Sample12_ITS4,81.00,100,10,7,98,192,429,524,2e-15,71.3
OTU10769:85w,Sample2_ITS4,100.00,31,0,0,32,62,486,456,2e-11,58.4
OTU10772:79w,Sample6_ITS4,100.00,33,0,0,31,63,561,529,1e-12,62.1
OTU10779:79w,Sample6_ITS4,100.00,30,0,0,30,59,558,529,6e-11,56.5
OTU10791:45w,Sample6_ITS4,100.00,32,0,0,29,60,561,530,4e-12,60.2
OTU10795:58w,Sample12_ITS4,100.00,30,0,0,34,63,524,495,5e-11,56.5
OTU10807:3w,Sample5_ITS4,100.00,29,0,0,39,67,589,561,2e-10,54.7
OTU10861:49w,Sample10_ITS4,85.41,185,15,9,1,184,482,309,7e-49,182
OTU10862:128w,Sample2_ITS4,100.00,29,0,0,31,59,489,461,2e-10,54.7
OTU10919:3w,Sample11_ITS4,86.78,174,17,6,3,172,485,314,4e-51,189
OTU10925:leafNotChim_61,Sample11_ITS4,80.70,114,16,5,82,192,403,513,3e-19,84.2
OTU10982:leafNotChim_unmatched,Sample1_ITS4,77.85,149,23,9,2,145,307,450,2e-19,84.2
OTU10988:PosG,Sample8_ITS4,100.00,118,0,0,19,136,426,309,4e-60,219
OTU11010:17w,Sample12_ITS4,77.99,159,17,15,33,184,527,380,3e-19,84.2
OTU11026:26w,Sample6_ITS4,80.61,196,15,20,1,188,535,355,3e-33,130
OTU11042:23w,Sample24_ITS4,86.61,224,14,3,1,223,537,329,2e-64,233
OTU11050:26w,Sample4_ITS4,83.33,186,17,10,2,180,484,306,3e-42,159
OTU11054:26w,Sample9_ITS4,100.00,29,0,0,24,52,531,503,1e-10,54.7
OTU11151:26w,Sample9_ITS4,97.06,34,0,1,34,67,530,498,7e-11,56.5
OTU11154:26w,Sample6_ITS4,90.80,87,7,1,2,87,534,448,8e-29,115
OTU11169:29w,Sample4_ITS4,87.43,183,8,12,2,173,484,306,2e-53,196
OTU11181:23w,Sample6_ITS4,100.00,33,0,0,35,67,561,529,1e-12,62.1
OTU11185:26w,Sample4_ITS4,89.44,180,11,8,2,174,484,306,1e-60,220
OTU11220:25w,Sample4_ITS4,87.03,185,10,13,2,178,484,306,2e-53,196
OTU11236:39w,Sample20_ITS4,89.87,79,4,3,18,93,587,510,9e-24,99.0
OTU11263:leafNotChim_4,Sample16_ITS4,91.43,70,2,3,89,155,450,518,3e-22,93.5
OTU11271:leafNotChim_40,Sample1_ITS4,92.98,57,4,0,125,181,394,450,2e-19,84.2
OTU11273:leafNotChim_40,Sample1_ITS4,89.47,76,8,0,119,194,375,450,3e-23,97.1
OTU11274:leafNotChim_6,Sample5_ITS4,100.00,28,0,0,172,199,561,588,8e-10,52.8
OTU11375:leafNotChim_125,Sample8_ITS4,100.00,33,0,0,159,191,444,476,1e-12,62.1
OTU11488:leafNotChim_127,Sample15_ITS4,85.45,165,10,11,48,204,411,569,4e-42,159
OTU11581:leafNotChim_115,Sample5_ITS4,100.00,28,0,0,151,178,561,588,7e-10,52.8
OTU11671:leafNotChim_118,Sample22_ITS4,98.81,168,1,1,1,167,361,528,6e-84,298
OTU11750:leafNotChim_100,Sample15_ITS4,85.09,161,10,11,60,212,415,569,6e-40,152
OTU11782:leafNotChim_101,Sample19_ITS4,92.65,68,3,2,75,140,462,529,2e-23,97.1
OTU11788:leafNotChim_107,Sample16_ITS4,91.43,70,2,3,103,169,450,518,3e-22,93.5
OTU11794:leafNotChim_unmatched,Sample13_ITS4,83.78,185,25,5,1,185,329,508,1e-45,171
OTU11797:leafNotChim_unmatched,Sample6_ITS4,100.00,29,0,0,134,162,530,558,2e-10,54.7
OTU11834:leafNotChim_unmatched,Sample11_ITS4,89.66,174,4,4,1,160,330,503,3e-57,209
OTU11896:leafNotChim_unmatched,Sample1_ITS4,80.82,146,21,7,3,143,307,450,9e-27,108
OTU11906:leafNotChim_unmatched,Sample2_ITS4,94.44,36,1,1,73,107,455,490,1e-10,54.7
OTU11944:leafNotChim_unmatched,Sample1_ITS4,87.50,56,4,3,100,155,398,450,8e-13,62.1
OTU11948:leafNotChim_unmatched,Sample13_ITS4,84.04,94,7,7,103,191,418,508,2e-19,84.2
OTU11967:leafNotChim_unmatched,Sample13_ITS4,92.98,57,3,1,131,187,453,508,7e-19,82.4
OTU11988:leafNotChim_unmatched,Sample13_ITS4,82.78,180,24,7,3,178,332,508,1e-40,154
OTU12043:leafNotChim_88,Sample12_ITS4,81.63,98,10,6,82,173,431,526,2e-16,75.0
OTU12048:leafNotChim_unmatched,Sample19_ITS4,84.91,106,8,8,69,168,426,529,2e-24,100
OTU12057:leafNotChim_unmatched,Sample1_ITS4,79.73,148,22,8,4,147,307,450,2e-24,100
OTU12070:leafNotChim_unmatched,Sample13_ITS4,82.45,188,21,12,1,184,329,508,1e-40,154
OTU12083:leafNotChim_unmatched,Sample5_ITS4,100.00,28,0,0,166,193,561,588,7e-10,52.8
OTU12084:leafNotChim_unmatched,Sample20_ITS4,97.14,35,1,0,14,48,418,452,4e-12,60.2
OTU12152:leafNotChim_7,Sample19_ITS4,89.74,117,9,3,62,177,415,529,2e-38,147
OTU12157:leafNotChim_65,Sample13_ITS4,91.35,104,7,2,82,183,405,508,1e-36,141
OTU12167:leafNotChim_68,Sample1_ITS4,84.77,151,16,6,1,151,307,450,7e-38,145
OTU12176:leafNotChim_unmatched,Sample18_ITS4,84.85,66,10,0,77,142,249,314,2e-14,67.6
OTU12210:85w,Sample2_ITS4,96.97,33,0,1,29,60,490,458,2e-10,54.7
OTU12246:128w,Sample11_ITS4,81.44,97,17,1,34,130,513,418,1e-17,78.7
OTU12309:31w,Sample11_ITS4,83.87,93,12,3,29,120,510,420,7e-20,86.1
OTU12341:32w,Sample6_ITS4,96.43,84,3,0,3,86,533,450,4e-36,139
OTU12346:3w,Sample9_ITS4,96.88,32,0,1,32,62,530,499,1e-09,52.8
OTU12399:101w,Sample5_ITS4,100.00,28,0,0,49,76,588,561,7e-10,52.8
OTU12413:71w,Sample15_ITS4,89.71,175,15,3,59,232,485,313,2e-60,220
OTU12415:70w,Sample16_ITS4,94.74,57,2,1,1,56,502,446,2e-20,87.9
OTU12448:52w,Sample6_ITS4,86.96,92,7,4,2,93,534,448,8e-24,99.0
OTU12479:74w,Sample11_ITS4,86.67,105,9,4,32,135,514,414,1e-27,111
OTU12488:74w,Sample6_ITS4,100.00,31,0,0,28,58,560,530,2e-11,58.4
OTU12503:PosG,Sample16_ITS4,95.43,175,2,4,8,181,492,323,1e-76,274
OTU12505:Dc-X,Sample11_ITS4,92.13,178,8,6,1,176,487,314,2e-68,246
OTU12510:PosG,Sample8_ITS4,95.62,137,4,2,1,135,451,315,4e-60,219
OTU12516:PosI,Sample4_ITS4,96.10,154,4,2,18,170,458,306,2e-69,250
OTU12521:Dc-PosG,Sample9_ITS4,99.38,160,1,0,17,176,488,329,1e-81,291
OTU12522:Dc-PosI,Sample24_ITS4,96.91,194,2,2,27,220,518,329,5e-91,322
OTU12535:76w,Sample6_ITS4,100.00,31,0,0,30,60,560,530,2e-11,58.4
OTU12574:57w,Sample12_ITS4,81.25,96,15,3,37,131,526,433,2e-16,75.0
OTU12589:92w,Sample11_ITS4,100.00,32,0,0,35,66,514,483,5e-12,60.2
OTU12595:92w,Sample13_ITS4,85.29,68,6,3,178,242,523,457,4e-14,67.6
OTU12597:92w,Sample1_ITS4,86.89,61,4,2,3,61,432,374,7e-14,65.8
